Index,ID,RV,MV,Filename,Group
Bald tip length,2010001,8.65,10.065,2010001.jpg,G4
Bald tip length,2010003,9.035,8.82,2010003.jpg,G4
Bald tip length,2010004,19.545,17.445,2010004.jpg,G3
Bald tip length,2010005,10.18,12.75,2010005.jpg,G7
Bald tip length,2010006,6.97,8.44,2010006.jpg,G4
Bald tip length,2010007,20.165,10.255,2010007.jpg,G5
Bald tip length,2010008,NA,7.865,2010008.jpg,G3
Bald tip length,2010009,7.885,6.615,2010009.jpg,G4
Bald tip length,2010010,NA,4.605,2010010.jpg,G3
Bald tip length,2010011,12.95,13.61,2010011.jpg,G6
Bald tip length,2010012,NA,9.3,2010012.jpg,G3
Bald tip length,2010013,22.54,20.325,2010013.jpg,G5
Bald tip length,2010014,NA,6.52,2010014.jpg,G3
Bald tip length,2010015,25.095,23.675,2010015.jpg,G5
Bald tip length,2010016,15.775,14.665,2010016.jpg,G7
Bald tip length,2010017,NA,16.105,2010017.jpg,G3
Bald tip length,2010018,7.795,9.205,2010018.jpg,G6
Bald tip length,2010019,NA,7.185,2010019.jpg,G6
Bald tip length,2010020,11.08,14.285,2010020.jpg,G4
Bald tip length,2010021,5.4,8.05,2010021.jpg,G4
Bald tip length,2010022,6.885,9.585,2010022.jpg,G4
Bald tip length,2010023,9.035,7.285,2010023.jpg,G6
Bald tip length,2010024,42.535,32.595,2010024.jpg,G5
Bald tip length,2010025,NA,7.575,2010025.jpg,G6
Bald tip length,2010026,NA,13.035,2010026.jpg,G3
Bald tip length,2010027,8.72,11.6,2010027.jpg,G6
Bald tip length,2010028,13.665,13.995,2010028.jpg,G3
Bald tip length,2010029,11.89,15.53,2010029.jpg,G3
Bald tip length,2010030,9.745,12.365,2010030.jpg,G3
Bald tip length,2010031,NA,12.94,2010031.jpg,G1
Bald tip length,2010032,6.48,7.38,2010032.jpg,G4
Bald tip length,2010033,14.475,15.82,2010033.jpg,G6
Bald tip length,2010034,8.835,16.87,2010034.jpg,G6
Bald tip length,2010035,14.5,13.805,2010035.jpg,G3
Bald tip length,2010036,22.71,20.035,2010036.jpg,G5
Bald tip length,2010037,6.465,10.93,2010037.jpg,G4
Bald tip length,2010038,18.935,15.245,2010038.jpg,G5
Bald tip length,2010039,42.61,40.55,2010039.jpg,G5
Bald tip length,2010040,8.49,17.35,2010040.jpg,G2
Bald tip length,2010041,25.22,21.38,2010041.jpg,G5
Bald tip length,2010042,NA,7.285,2010042.jpg,G1
Bald tip length,2010043,14.95,13.035,2010043.jpg,G6
Bald tip length,2010044,19.215,18.79,2010044.jpg,G4
Bald tip length,2010045,8.64,9.395,2010045.jpg,G6
Bald tip length,2010046,NA,11.31,2010046.jpg,G1
Bald tip length,2010047,3.655,8.82,2010047.jpg,G6
Bald tip length,2010048,9.175,10.83,2010048.jpg,G4
Bald tip length,2010049,12.875,14.57,2010049.jpg,G6
Bald tip length,2010050,19.575,20.035,2010050.jpg,G5
Bald tip length,2010051,15.625,12.945,2010051.jpg,G4
Bald tip length,2010052,19.44,10.545,2010052.jpg,G3
Bald tip length,2010053,16.895,12.27,2010053.jpg,G2
Bald tip length,2010054,17.5,14.475,2010054.jpg,G6
Bald tip length,2010055,14.46,14.19,2010055.jpg,G6
Bald tip length,2010056,6.685,7.285,2010056.jpg,G4
Bald tip length,2010057,22.295,21.285,2010057.jpg,G5
Bald tip length,2010058,22.745,14.665,2010058.jpg,G2
Bald tip length,2010059,14.575,15.05,2010059.jpg,G6
Bald tip length,2010060,10.065,11.98,2010060.jpg,G6
Bald tip length,2010061,NA,9.395,2010061.jpg,G3
Bald tip length,2010062,3.525,8.245,2010062.jpg,G6
Bald tip length,2010063,14.465,13.8,2010063.jpg,G6
Bald tip length,2010064,11.105,10.165,2010064.jpg,G6
Bald tip length,2010065,16.185,15.05,2010065.jpg,G3
Bald tip length,2010066,12.905,12.46,2010066.jpg,G4
Bald tip length,2010067,14.3,15.34,2010067.jpg,G4
Bald tip length,2010068,NA,9.01,2010068.jpg,G3
Bald tip length,2010069,8.025,9.01,2010069.jpg,G3
Bald tip length,2010070,12.28,9.01,2010070.jpg,G2
Bald tip length,2010071,NA,9.01,2010071.jpg,G3
Bald tip length,2010072,4.9,7.19,2010072.jpg,G3
Bald tip length,2010073,15.235,14.48,2010073.jpg,G6
Bald tip length,2010074,6.62,7.67,2010074.jpg,G6
Bald tip length,2010075,22.31,19.555,2010075.jpg,G5
Bald tip length,2010076,19.43,17.545,2010076.jpg,G5
Bald tip length,2010077,7.73,9.105,2010077.jpg,G3
Bald tip length,2010078,22.675,18.885,2010078.jpg,G5
Bald tip length,2010079,19.47,18.12,2010079.jpg,G5
Bald tip length,2010080,17.81,16.49,2010080.jpg,G5
Bald tip length,2010081,NA,13.71,2010081.jpg,G3
Bald tip length,2010082,14.915,15.145,2010082.jpg,G3
Bald tip length,2010083,13.105,7.86,2010083.jpg,G2
Bald tip length,2010084,13.995,23.49,2010084.jpg,G5
Bald tip length,2010085,13.82,12.845,2010085.jpg,G6
Bald tip length,2010086,14.36,13.035,2010086.jpg,G6
Bald tip length,2010087,19.37,18.31,2010087.jpg,G5
Bald tip length,2010088,16.185,14.375,2010088.jpg,G2
Bald tip length,2010089,NA,7.385,2010089.jpg,G3
Bald tip length,2010090,7.55,9.49,2010090.jpg,G6
Bald tip length,2010091,16.665,15.055,2010091.jpg,G6
Bald tip length,2010092,10.15,14,2010092.jpg,G4
Bald tip length,2010093,21.37,19.27,2010093.jpg,G4
Bald tip length,2010094,19.05,18.405,2010094.jpg,G5
Bald tip length,2010095,13.205,11.505,2010095.jpg,G4
Bald tip length,2010096,12.63,9.875,2010096.jpg,G6
Bald tip length,2010097,NA,10.355,2010097.jpg,G6
Bald tip length,2010098,17.76,15.53,2010098.jpg,G6
Bald tip length,2010099,7.375,7.575,2010099.jpg,G4
Bald tip length,2010100,10.37,10.065,2010100.jpg,G6
Bald tip length,9110001,NA,8.435,9110001.jpg,G6
Bald tip length,9110002,18.65,6.52,9110002.jpg,G4
Bald tip length,9110003,12.56,10.645,9110003.jpg,G4
Bald tip length,9110004,11.215,10.735,9110004.jpg,G6
Bald tip length,9110005,20.69,23.395,9110005.jpg,G5
Bald tip length,9110006,19.375,15.915,9110006.jpg,G3
Bald tip length,9110007,9.32,12.56,9110007.jpg,G6
Bald tip length,9110008,9.88,9.49,9110008.jpg,G6
Bald tip length,9110009,18.305,14.285,9110009.jpg,G6
Bald tip length,9110010,10.53,13.52,9110010.jpg,G3
Bald tip length,9110011,9.83,11.315,9110011.jpg,G4
Bald tip length,9110012,NA,9.105,9110012.jpg,G6
Bald tip length,9110013,10.965,9.3,9110013.jpg,G3
Bald tip length,9110014,11.35,21.475,9110014.jpg,G3
Bald tip length,9110015,8.35,14.185,9110015.jpg,G1
Bald tip length,9110016,7.3,8.53,9110016.jpg,G6
Bald tip length,9110017,8.325,12.27,9110017.jpg,G3
Bald tip length,9110018,14.21,12.46,9110018.jpg,G6
Bald tip length,9110019,18.61,17.545,9110019.jpg,G4
Bald tip length,9110020,17.365,15.05,9110020.jpg,G2
Bald tip length,9110021,11.19,6.23,9110021.jpg,G3
Bald tip length,9110022,6.36,10.64,9110022.jpg,G4
Bald tip length,9110023,31.135,27.705,9110023.jpg,G5
Bald tip length,9110024,22.865,21.28,9110024.jpg,G6
Bald tip length,9110025,11.695,10.065,9110025.jpg,G3
Bald tip length,9110026,8.655,8.245,9110026.jpg,G6
Bald tip length,9110027,23.565,20.13,9110027.jpg,G2
Bald tip length,9110028,17.89,17.16,9110028.jpg,G2
Bald tip length,9110029,16.74,11.79,9110029.jpg,G6
Bald tip length,9110030,14.755,15.535,9110030.jpg,G4
Bald tip length,9110031,27.59,18.405,9110031.jpg,G6
Bald tip length,9110032,6.625,14.57,9110032.jpg,G4
Bald tip length,9110033,17.985,18.885,9110033.jpg,G2
Bald tip length,9110034,13.62,12.37,9110034.jpg,G6
Bald tip length,9110035,12.62,12.56,9110035.jpg,G6
Bald tip length,9110036,8.76,10.16,9110036.jpg,G3
Bald tip length,9110037,11.52,10.355,9110037.jpg,G6
Bald tip length,9110038,NA,9.3,9110038.jpg,G1
Bald tip length,9110039,18.635,17.64,9110039.jpg,G1
Bald tip length,9110040,15.24,14.185,9110040.jpg,G6
Bald tip length,9110041,2.855,10.255,9110041.jpg,G6
Bald tip length,9110042,7.845,6.04,9110042.jpg,G3
Bald tip length,9110043,26.22,22.625,9110043.jpg,G6
Bald tip length,9110044,16.455,18.885,9110044.jpg,G6
Bald tip length,9110045,10.085,13.23,9110045.jpg,G6
Bald tip length,9110046,10.205,10.16,9110046.jpg,G4
Bald tip length,9110047,8.075,7.765,9110047.jpg,G6
Bald tip length,9110048,7.24,9.105,9110048.jpg,G3
Bald tip length,9110049,18.305,22.34,9110049.jpg,G2
Bald tip length,9110050,14.825,17.35,9110050.jpg,G3
Bald tip length,9110051,9.795,6.615,9110051.jpg,G7
Bald tip length,9110052,8.49,9.295,9110052.jpg,G3
Bald tip length,9110053,28.575,23.58,9110053.jpg,G5
Bald tip length,9110054,19.855,15.435,9110054.jpg,G3
Bald tip length,9110055,NA,5.66,9110055.jpg,G3
Bald tip length,9110056,3.375,7.285,9110056.jpg,G3
Bald tip length,9110057,9.09,12.56,9110057.jpg,G1
Bald tip length,9110058,8.175,6.905,9110058.jpg,G6
Bald tip length,9110060,22.245,19.655,9110060.jpg,G3
Bald tip length,9110061,16.04,11.6,9110061.jpg,G2
Bald tip length,9110062,9.08,9.685,9110062.jpg,G7
Bald tip length,9110063,24.41,18.885,9110063.jpg,G6
Bald tip length,9110064,7.705,12.655,9110064.jpg,G7
Bald tip length,9110065,8.55,14.285,9110065.jpg,G2
Bald tip length,9110066,7.66,9.11,9110066.jpg,G3
Bald tip length,9110067,11.135,11.41,9110067.jpg,G6
Bald tip length,9110068,17.635,16.295,9110068.jpg,G6
Bald tip length,9110069,15.33,14.955,9110069.jpg,G5
Bald tip length,9110070,11.015,10.355,9110070.jpg,G2
Bald tip length,9110071,12.3,10.93,9110071.jpg,G6
Bald tip length,9110072,32.625,25.31,9110072.jpg,G5
Bald tip length,9110073,12.835,12.175,9110073.jpg,G4
Bald tip length,9110074,2.825,6.995,9110074.jpg,G6
Bald tip length,9110075,20.05,17.065,9110075.jpg,G2
Bald tip length,9110076,26.84,16.68,9110076.jpg,G2
Bald tip length,9110077,6.425,6.805,9110077.jpg,G3
Bald tip length,9110078,12.765,10.545,9110078.jpg,G6
Bald tip length,9110079,41.095,27.805,9110079.jpg,G2
Bald tip length,9110080,7.945,8.34,9110080.jpg,G4
Bald tip length,9110081,11.76,11.41,9110081.jpg,G6
Bald tip length,9110082,42.285,38.44,9110082.jpg,G5
Bald tip length,9110083,51.88,41.7,9110083.jpg,G5
Bald tip length,9110084,7.98,12.365,9110084.jpg,G3
Bald tip length,9110085,7.805,9.49,9110085.jpg,G6
Bald tip length,9110086,23.345,10.64,9110086.jpg,G3
Bald tip length,9110087,9.345,8.915,9110087.jpg,G2
Bald tip length,9110088,30.645,26.84,9110088.jpg,G5
Bald tip length,9110089,22.945,32.4,9110089.jpg,G5
Bald tip length,9110090,26.925,19.365,9110090.jpg,G3
Bald tip length,9110091,24.02,22.525,9110091.jpg,G5
Bald tip length,9110092,8.845,11.79,9110092.jpg,G4
Bald tip length,9110093,16.865,16.49,9110093.jpg,G6
Bald tip length,9110095,5.51,6.235,9110095.jpg,G3
Bald tip length,9110096,16.745,9.585,9110096.jpg,G6
Bald tip length,9110097,8.73,7.955,9110097.jpg,G6
Bald tip length,9110098,8.55,16.965,9110098.jpg,G6
Bald tip length,9110099,20.95,19.94,9110099.jpg,G5
Bald tip length,9110100,6.335,11.12,9110100.jpg,G3
Ear length,2010001,179.5,179.2,2010001.jpg,G4
Ear length,2010002,110.5,114.98,2010002.jpg,NA
Ear length,2010003,199,204.45,2010003.jpg,G4
Ear length,2010004,194.5,203.285,2010004.jpg,G3
Ear length,2010005,127.5,126.24,2010005.jpg,G7
Ear length,2010006,168.5,172.335,2010006.jpg,G4
Ear length,2010007,166.5,159.26,2010007.jpg,G5
Ear length,2010008,173.5,179.72,2010008.jpg,G3
Ear length,2010009,192.5,198.625,2010009.jpg,G4
Ear length,2010010,105.5,105.525,2010010.jpg,G3
Ear length,2010011,170.5,170.785,2010011.jpg,G6
Ear length,2010012,150,148.255,2010012.jpg,G3
Ear length,2010013,152.5,151.62,2010013.jpg,G5
Ear length,2010014,176.5,184.12,2010014.jpg,G3
Ear length,2010015,165,167.42,2010015.jpg,G5
Ear length,2010016,155,161.595,2010016.jpg,G7
Ear length,2010017,159.5,168.71,2010017.jpg,G3
Ear length,2010018,152.5,157.575,2010018.jpg,G6
Ear length,2010019,183.5,192.02,2010019.jpg,G6
Ear length,2010020,160,167.55,2010020.jpg,G4
Ear length,2010021,187.5,193.315,2010021.jpg,G4
Ear length,2010022,120,124.945,2010022.jpg,G4
Ear length,2010023,185.5,188.785,2010023.jpg,G6
Ear length,2010024,108.5,114.205,2010024.jpg,G5
Ear length,2010025,174.75,183.605,2010025.jpg,G6
Ear length,2010026,118.25,124.82,2010026.jpg,G3
Ear length,2010027,169.5,176.22,2010027.jpg,G6
Ear length,2010028,174,181.53,2010028.jpg,G3
Ear length,2010029,185,190.85,2010029.jpg,G3
Ear length,2010030,165.25,169.1,2010030.jpg,G3
Ear length,2010031,115.25,112.91,2010031.jpg,G1
Ear length,2010032,198.5,201.345,2010032.jpg,G4
Ear length,2010033,184.5,186.97,2010033.jpg,G6
Ear length,2010034,173.5,172.985,2010034.jpg,G6
Ear length,2010035,140.5,142.685,2010035.jpg,G3
Ear length,2010036,150.75,146.18,2010036.jpg,G5
Ear length,2010037,198.5,197.07,2010037.jpg,G4
Ear length,2010038,138.5,142.17,2010038.jpg,G5
Ear length,2010039,145,145.41,2010039.jpg,G5
Ear length,2010040,139.5,140.1,2010040.jpg,G2
Ear length,2010041,166,173.375,2010041.jpg,G5
Ear length,2010042,155.5,157.71,2010042.jpg,G1
Ear length,2010043,177.5,181.015,2010043.jpg,G6
Ear length,2010044,201.5,206.78,2010044.jpg,G4
Ear length,2010045,180.5,181.53,2010045.jpg,G6
Ear length,2010046,175,176.095,2010046.jpg,G1
Ear length,2010047,187,193.315,2010047.jpg,G6
Ear length,2010048,166,170.91,2010048.jpg,G4
Ear length,2010049,173.5,173.5,2010049.jpg,G6
Ear length,2010050,202.5,205.095,2010050.jpg,G5
Ear length,2010051,185,185.935,2010051.jpg,G4
Ear length,2010052,197.5,206.65,2010052.jpg,G3
Ear length,2010053,196.5,191.24,2010053.jpg,G2
Ear length,2010054,135.5,134.015,2010054.jpg,G6
Ear length,2010055,196.5,199.53,2010055.jpg,G6
Ear length,2010056,180.5,183.865,2010056.jpg,G4
Ear length,2010057,155,152.01,2010057.jpg,G5
Ear length,2010058,98,97.76,2010058.jpg,G2
Ear length,2010059,157.5,157.06,2010059.jpg,G6
Ear length,2010060,165,167.55,2010060.jpg,G6
Ear length,2010061,119.5,121.32,2010061.jpg,G3
Ear length,2010062,170,168.065,2010062.jpg,G6
Ear length,2010063,162.5,165.735,2010063.jpg,G6
Ear length,2010064,165,164.44,2010064.jpg,G6
Ear length,2010065,170,169.36,2010065.jpg,G3
Ear length,2010066,175,178.165,2010066.jpg,G4
Ear length,2010067,150.25,157.32,2010067.jpg,G4
Ear length,2010068,136,136.99,2010068.jpg,G3
Ear length,2010069,141.5,143.855,2010069.jpg,G3
Ear length,2010070,127.5,122.485,2010070.jpg,G2
Ear length,2010071,108,112.52,2010071.jpg,G3
Ear length,2010072,122.25,122.1,2010072.jpg,G3
Ear length,2010073,168.5,171.82,2010073.jpg,G6
Ear length,2010074,160.5,161.205,2010074.jpg,G6
Ear length,2010075,139,138.67,2010075.jpg,G5
Ear length,2010076,112.5,110.58,2010076.jpg,G5
Ear length,2010077,139.5,140.615,2010077.jpg,G3
Ear length,2010078,139,143.335,2010078.jpg,G5
Ear length,2010079,141,141.78,2010079.jpg,G5
Ear length,2010080,116.5,115.885,2010080.jpg,G5
Ear length,2010081,99,96.33,2010081.jpg,G3
Ear length,2010082,130,133.75,2010082.jpg,G3
Ear length,2010083,119.5,114.98,2010083.jpg,G2
Ear length,2010084,159.5,162.76,2010084.jpg,G5
Ear length,2010085,149.75,148.775,2010085.jpg,G6
Ear length,2010086,159.5,162.63,2010086.jpg,G6
Ear length,2010087,124.25,125.725,2010087.jpg,G5
Ear length,2010088,132,131.295,2010088.jpg,G2
Ear length,2010089,150.5,149.42,2010089.jpg,G3
Ear length,2010090,140,141.395,2010090.jpg,G6
Ear length,2010091,162.5,163.665,2010091.jpg,G6
Ear length,2010092,182.5,179.59,2010092.jpg,G4
Ear length,2010093,200.5,203.415,2010093.jpg,G4
Ear length,2010094,180.75,183.6,2010094.jpg,G5
Ear length,2010095,190.25,190.855,2010095.jpg,G4
Ear length,2010096,183.5,180.495,2010096.jpg,G6
Ear length,2010097,166.5,167.42,2010097.jpg,G6
Ear length,2010098,161.25,165.735,2010098.jpg,G6
Ear length,2010099,210,212.865,2010099.jpg,G4
Ear length,2010100,179.75,182.825,2010100.jpg,G6
Ear length,9110001,207,206.65,9110001.jpg,G6
Ear length,9110002,173.5,164.05,9110002.jpg,G4
Ear length,9110003,175,181.4,9110003.jpg,G4
Ear length,9110004,159,162.63,9110004.jpg,G6
Ear length,9110005,165.5,170.91,9110005.jpg,G5
Ear length,9110006,215,217.005,9110006.jpg,G3
Ear length,9110007,196.5,199.27,9110007.jpg,G6
Ear length,9110008,190,196.68,9110008.jpg,G6
Ear length,9110009,214,223.355,9110009.jpg,G6
Ear length,9110010,167,160.3,9110010.jpg,G3
Ear length,9110011,166,168.325,9110011.jpg,G4
Ear length,9110012,164,167.16,9110012.jpg,G6
Ear length,9110013,156.5,163.925,9110013.jpg,G3
Ear length,9110014,154.25,159.13,9110014.jpg,G3
Ear length,9110015,138.5,139.71,9110015.jpg,G1
Ear length,9110016,176.5,179.2,9110016.jpg,G6
Ear length,9110017,141,141.65,9110017.jpg,G3
Ear length,9110018,202.5,205.355,9110018.jpg,G6
Ear length,9110019,203.5,212.48,9110019.jpg,G4
Ear length,9110020,188.5,191.505,9110020.jpg,G2
Ear length,9110021,144,148.9,9110021.jpg,G3
Ear length,9110022,155,155.895,9110022.jpg,G4
Ear length,9110023,155,157.835,9110023.jpg,G5
Ear length,9110024,160.5,160.815,9110024.jpg,G6
Ear length,9110025,184.5,192.67,9110025.jpg,G3
Ear length,9110026,138,136.86,9110026.jpg,G6
Ear length,9110027,201,205.485,9110027.jpg,G2
Ear length,9110028,170.5,172.855,9110028.jpg,G2
Ear length,9110029,189.5,189.04,9110029.jpg,G6
Ear length,9110030,153,160.3,9110030.jpg,G4
Ear length,9110031,184.25,189.17,9110031.jpg,G6
Ear length,9110032,130.5,132.46,9110032.jpg,G4
Ear length,9110033,136.5,124.56,9110033.jpg,G2
Ear length,9110034,154.5,153.56,9110034.jpg,G6
Ear length,9110035,136.5,140.23,9110035.jpg,G6
Ear length,9110036,99.69,103.975,9110036.jpg,G3
Ear length,9110037,197.5,198.88,9110037.jpg,G6
Ear length,9110039,183.5,175.835,9110039.jpg,G1
Ear length,9110040,177.5,178.295,9110040.jpg,G6
Ear length,9110041,143.5,146.44,9110041.jpg,G6
Ear length,9110042,140.25,142.3,9110042.jpg,G3
Ear length,9110043,172.25,172.21,9110043.jpg,G6
Ear length,9110044,206,206.91,9110044.jpg,G6
Ear length,9110045,137.75,140.485,9110045.jpg,G6
Ear length,9110046,167,169.49,9110046.jpg,G4
Ear length,9110047,169.5,173.115,9110047.jpg,G6
Ear length,9110048,146,142.69,9110048.jpg,G3
Ear length,9110049,150.5,148.775,9110049.jpg,G2
Ear length,9110050,118.5,121.19,9110050.jpg,G3
Ear length,9110051,130,136.605,9110051.jpg,G7
Ear length,9110052,142.75,146.05,9110052.jpg,G3
Ear length,9110053,158.5,156.54,9110053.jpg,G5
Ear length,9110054,147.75,152.66,9110054.jpg,G3
Ear length,9110055,70.4,75.62,9110055.jpg,G3
Ear length,9110056,118,120.675,9110056.jpg,G3
Ear length,9110057,148.5,150.455,9110057.jpg,G1
Ear length,9110058,188.5,191.24,9110058.jpg,G6
Ear length,9110060,159,160.3,9110060.jpg,G3
Ear length,9110061,199.5,199.915,9110061.jpg,G2
Ear length,9110062,98.75,101.385,9110062.jpg,G7
Ear length,9110063,158.5,153.175,9110063.jpg,G6
Ear length,9110064,101.5,105.395,9110064.jpg,G7
Ear length,9110065,163.75,170.135,9110065.jpg,G2
Ear length,9110066,175.5,172.855,9110066.jpg,G3
Ear length,9110067,182.5,185.16,9110067.jpg,G6
Ear length,9110068,189.75,196.29,9110068.jpg,G6
Ear length,9110069,154.5,154.34,9110069.jpg,G5
Ear length,9110070,149.25,148.125,9110070.jpg,G2
Ear length,9110071,147,146.05,9110071.jpg,G6
Ear length,9110072,188.5,192.67,9110072.jpg,G5
Ear length,9110073,215.5,221.67,9110073.jpg,G4
Ear length,9110074,206,201.6,9110074.jpg,G6
Ear length,9110075,178.5,182.435,9110075.jpg,G2
Ear length,9110076,192.5,188.525,9110076.jpg,G2
Ear length,9110077,99.5,101.38,9110077.jpg,G3
Ear length,9110078,178,183.085,9110078.jpg,G6
Ear length,9110079,147,145.41,9110079.jpg,G2
Ear length,9110080,194.5,201.215,9110080.jpg,G4
Ear length,9110081,190.75,191.76,9110081.jpg,G6
Ear length,9110082,151.5,150.195,9110082.jpg,G5
Ear length,9110083,160,156.28,9110083.jpg,G5
Ear length,9110084,154.5,154.34,9110084.jpg,G3
Ear length,9110085,184.5,185.675,9110085.jpg,G6
Ear length,9110086,124.25,126.115,9110086.jpg,G3
Ear length,9110087,144.5,145.535,9110087.jpg,G2
Ear length,9110088,198.5,196.29,9110088.jpg,G5
Ear length,9110089,194.5,193.44,9110089.jpg,G5
Ear length,9110090,185,191.63,9110090.jpg,G3
Ear length,9110091,193.5,197.845,9110091.jpg,G5
Ear length,9110092,147,146.44,9110092.jpg,G4
Ear length,9110093,162.75,162.365,9110093.jpg,G6
Ear length,9110095,120,121.19,9110095.jpg,G3
Ear length,9110096,145,143.075,9110096.jpg,G6
Ear length,9110097,162,163.275,9110097.jpg,G6
Ear length,9110098,149.5,148.125,9110098.jpg,G6
Ear length,9110099,130.5,125.985,9110099.jpg,G5
Ear length,9110100,149.5,147.735,9110100.jpg,G3
Ear width,2010001,51.49,51.79,2010001.jpg,G4
Ear width,2010002,54.345,55.03,2010002.jpg,NA
Ear width,2010003,56.13,57.145,2010003.jpg,G4
Ear width,2010004,53.01,54.28,2010004.jpg,G3
Ear width,2010005,48.865,50.3,2010005.jpg,G7
Ear width,2010006,56.12,55.28,2010006.jpg,G4
Ear width,2010007,49.565,48.18,2010007.jpg,G5
Ear width,2010008,53.265,54.53,2010008.jpg,G3
Ear width,2010009,56.47,58.515,2010009.jpg,G4
Ear width,2010010,43.92,44.445,2010010.jpg,G3
Ear width,2010011,52.535,54.03,2010011.jpg,G6
Ear width,2010012,42.61,41.705,2010012.jpg,G3
Ear width,2010014,52.915,51.79,2010014.jpg,G3
Ear width,2010015,55.255,55.9,2010015.jpg,G5
Ear width,2010016,57.195,58.27,2010016.jpg,G7
Ear width,2010017,54.03,53.905,2010017.jpg,G3
Ear width,2010018,50.585,49.675,2010018.jpg,G6
Ear width,2010019,56.035,57.145,2010019.jpg,G6
Ear width,2010020,52.79,53.16,2010020.jpg,G4
Ear width,2010021,57.725,57.77,2010021.jpg,G4
Ear width,2010022,47.07,47.06,2010022.jpg,G4
Ear width,2010023,54.785,55.155,2010023.jpg,G6
Ear width,2010024,48.82,47.06,2010024.jpg,G5
Ear width,2010025,52.29,54.03,2010025.jpg,G6
Ear width,2010026,51.985,52.79,2010026.jpg,G3
Ear width,2010027,53.125,54.28,2010027.jpg,G6
Ear width,2010028,54.31,55.525,2010028.jpg,G3
Ear width,2010029,57.47,57.77,2010029.jpg,G3
Ear width,2010030,55.61,56.4,2010030.jpg,G3
Ear width,2010032,54.845,56.52,2010032.jpg,G4
Ear width,2010033,49.9,50.55,2010033.jpg,G6
Ear width,2010034,45.885,47.31,2010034.jpg,G6
Ear width,2010035,49.345,49.925,2010035.jpg,G3
Ear width,2010036,36.905,36.35,2010036.jpg,G5
Ear width,2010037,46.51,46.31,2010037.jpg,G4
Ear width,2010038,52.27,52.29,2010038.jpg,G5
Ear width,2010039,43.38,44.695,2010039.jpg,G5
Ear width,2010040,47.395,49.05,2010040.jpg,G2
Ear width,2010041,56.65,56.895,2010041.jpg,G5
Ear width,2010042,47.815,47.31,2010042.jpg,G1
Ear width,2010043,48.755,48.555,2010043.jpg,G6
Ear width,2010044,51.275,52.54,2010044.jpg,G4
Ear width,2010045,47.37,48.185,2010045.jpg,G6
Ear width,2010046,54.41,53.535,2010046.jpg,G1
Ear width,2010047,53.565,52.665,2010047.jpg,G6
Ear width,2010048,54.735,56.52,2010048.jpg,G4
Ear width,2010049,46.655,46.81,2010049.jpg,G6
Ear width,2010050,46.845,47.435,2010050.jpg,G5
Ear width,2010051,46.21,46.435,2010051.jpg,G4
Ear width,2010052,55.89,56.895,2010052.jpg,G3
Ear width,2010053,51.305,52.04,2010053.jpg,G2
Ear width,2010054,44.225,44.57,2010054.jpg,G6
Ear width,2010055,53.09,55.03,2010055.jpg,G6
Ear width,2010056,53.925,54.405,2010056.jpg,G4
Ear width,2010057,43.44,42.705,2010057.jpg,G5
Ear width,2010058,42.07,40.715,2010058.jpg,G2
Ear width,2010059,44.735,44.195,2010059.jpg,G6
Ear width,2010060,51.11,52.79,2010060.jpg,G6
Ear width,2010061,43.365,42.58,2010061.jpg,G3
Ear width,2010062,47.2,47.31,2010062.jpg,G6
Ear width,2010063,52.145,53.41,2010063.jpg,G6
Ear width,2010064,52.335,54.405,2010064.jpg,G6
Ear width,2010065,47.77,49.425,2010065.jpg,G3
Ear width,2010066,50.6,49.175,2010066.jpg,G4
Ear width,2010067,55.6,54.78,2010067.jpg,G4
Ear width,2010068,48.85,49.3,2010068.jpg,G3
Ear width,2010069,43.87,44.445,2010069.jpg,G3
Ear width,2010070,36.605,36.475,2010070.jpg,G2
Ear width,2010071,43.705,43.205,2010071.jpg,G3
Ear width,2010072,43.55,42.83,2010072.jpg,G3
Ear width,2010073,51.16,51.045,2010073.jpg,G6
Ear width,2010074,44.81,45.07,2010074.jpg,G6
Ear width,2010075,43.885,42.08,2010075.jpg,G5
Ear width,2010076,44.73,44.82,2010076.jpg,G5
Ear width,2010077,43.575,41.58,2010077.jpg,G3
Ear width,2010078,45.095,42.83,2010078.jpg,G5
Ear width,2010079,47.515,48.43,2010079.jpg,G5
Ear width,2010080,42.23,43.82,2010080.jpg,G5
Ear width,2010081,35.575,36.35,2010081.jpg,G3
Ear width,2010082,43.675,43.575,2010082.jpg,G3
Ear width,2010083,45.73,45.07,2010083.jpg,G2
Ear width,2010084,54.58,55.155,2010084.jpg,G5
Ear width,2010085,43.77,43.825,2010085.jpg,G6
Ear width,2010086,46.865,46.935,2010086.jpg,G6
Ear width,2010087,46.365,45.195,2010087.jpg,G5
Ear width,2010088,46.515,46.185,2010088.jpg,G2
Ear width,2010089,42.615,42.83,2010089.jpg,G3
Ear width,2010090,43.02,43.7,2010090.jpg,G6
Ear width,2010091,47.78,47.56,2010091.jpg,G6
Ear width,2010092,43.5,42.58,2010092.jpg,G4
Ear width,2010093,56.655,57.395,2010093.jpg,G4
Ear width,2010094,49.03,50.175,2010094.jpg,G5
Ear width,2010095,46.215,47.185,2010095.jpg,G4
Ear width,2010096,50.635,51.42,2010096.jpg,G6
Ear width,2010097,50.78,50.92,2010097.jpg,G6
Ear width,2010098,54,55.405,2010098.jpg,G6
Ear width,2010099,49.365,50.925,2010099.jpg,G4
Ear width,2010100,48.13,46.685,2010100.jpg,G6
Ear width,9110001,52.085,54.78,9110001.jpg,G6
Ear width,9110002,55.995,58.515,9110002.jpg,G4
Ear width,9110003,52,53.78,9110003.jpg,G4
Ear width,9110004,49.5,51.415,9110004.jpg,G6
Ear width,9110005,54.825,56.77,9110005.jpg,G5
Ear width,9110006,52.175,54.53,9110006.jpg,G3
Ear width,9110007,55.95,56.525,9110007.jpg,G6
Ear width,9110008,54.93,56.15,9110008.jpg,G6
Ear width,9110009,58.435,59.885,9110009.jpg,G6
Ear width,9110010,37.87,36.85,9110010.jpg,G3
Ear width,9110011,50.8,52.54,9110011.jpg,G4
Ear width,9110012,50.085,51.665,9110012.jpg,G6
Ear width,9110013,50.55,52.165,9110013.jpg,G3
Ear width,9110014,37.5,37.6,9110014.jpg,G3
Ear width,9110015,40.63,41.09,9110015.jpg,G1
Ear width,9110016,52.565,54.405,9110016.jpg,G6
Ear width,9110017,38.57,37.6,9110017.jpg,G3
Ear width,9110018,51.815,53.535,9110018.jpg,G6
Ear width,9110019,56.48,56.895,9110019.jpg,G4
Ear width,9110020,47.25,49.3,9110020.jpg,G2
Ear width,9110021,53.9,55.655,9110021.jpg,G3
Ear width,9110022,39.515,39.965,9110022.jpg,G4
Ear width,9110023,42.215,42.83,9110023.jpg,G5
Ear width,9110024,49.19,50.3,9110024.jpg,G6
Ear width,9110025,55.24,55.65,9110025.jpg,G3
Ear width,9110026,44.77,45.32,9110026.jpg,G6
Ear width,9110027,49.425,50.3,9110027.jpg,G2
Ear width,9110028,45.955,46.81,9110028.jpg,G2
Ear width,9110029,57.545,58.64,9110029.jpg,G6
Ear width,9110030,55.695,57.145,9110030.jpg,G4
Ear width,9110031,54.12,52.415,9110031.jpg,G6
Ear width,9110032,42.22,41.455,9110032.jpg,G4
Ear width,9110033,37.735,37.475,9110033.jpg,G2
Ear width,9110034,47.51,48.185,9110034.jpg,G6
Ear width,9110035,43.77,44.075,9110035.jpg,G6
Ear width,9110036,37.37,34.985,9110036.jpg,G3
Ear width,9110037,45.495,46.315,9110037.jpg,G6
Ear width,9110039,47.955,46.81,9110039.jpg,G1
Ear width,9110040,44.925,43.7,9110040.jpg,G6
Ear width,9110041,42.72,42.33,9110041.jpg,G6
Ear width,9110042,48.225,49.425,9110042.jpg,G3
Ear width,9110043,39.235,38.47,9110043.jpg,G6
Ear width,9110044,45.495,46.935,9110044.jpg,G6
Ear width,9110045,45.53,46.065,9110045.jpg,G6
Ear width,9110046,47.095,46.935,9110046.jpg,G4
Ear width,9110047,49.96,50.675,9110047.jpg,G6
Ear width,9110048,39.68,39.965,9110048.jpg,G3
Ear width,9110049,35.78,37.975,9110049.jpg,G2
Ear width,9110050,36.42,34.735,9110050.jpg,G3
Ear width,9110051,56.98,56.895,9110051.jpg,G7
Ear width,9110052,40.155,40.465,9110052.jpg,G3
Ear width,9110053,43.335,43.45,9110053.jpg,G5
Ear width,9110055,53.785,52.54,9110055.jpg,G3
Ear width,9110056,42.955,42.08,9110056.jpg,G3
Ear width,9110057,38.755,39.84,9110057.jpg,G1
Ear width,9110058,50.21,51.67,9110058.jpg,G6
Ear width,9110060,41.135,41.085,9110060.jpg,G3
Ear width,9110061,48.585,49.05,9110061.jpg,G2
Ear width,9110062,42.57,42.58,9110062.jpg,G7
Ear width,9110063,48.52,46.56,9110063.jpg,G6
Ear width,9110064,41.43,40.715,9110064.jpg,G7
Ear width,9110065,52.115,52.04,9110065.jpg,G2
Ear width,9110066,45.72,45.445,9110066.jpg,G3
Ear width,9110067,53.185,51.17,9110067.jpg,G6
Ear width,9110068,54.23,54.155,9110068.jpg,G6
Ear width,9110069,43.375,43.945,9110069.jpg,G5
Ear width,9110070,44.96,43.7,9110070.jpg,G2
Ear width,9110071,44.77,43.455,9110071.jpg,G6
Ear width,9110072,51.7,50.55,9110072.jpg,G5
Ear width,9110073,50.065,49.675,9110073.jpg,G4
Ear width,9110074,42.59,43.205,9110074.jpg,G6
Ear width,9110075,47.665,47.935,9110075.jpg,G2
Ear width,9110076,42.495,43.825,9110076.jpg,G2
Ear width,9110077,49.985,48.675,9110077.jpg,G3
Ear width,9110078,53.65,54.405,9110078.jpg,G6
Ear width,9110079,45.14,46.435,9110079.jpg,G2
Ear width,9110080,51.825,52.79,9110080.jpg,G4
Ear width,9110081,46.46,44.57,9110081.jpg,G6
Ear width,9110082,43.895,43.82,9110082.jpg,G5
Ear width,9110083,43.8,43.7,9110083.jpg,G5
Ear width,9110085,50.565,51.915,9110085.jpg,G6
Ear width,9110086,42.75,43.825,9110086.jpg,G3
Ear width,9110087,47.225,47.56,9110087.jpg,G2
Ear width,9110088,44,43.33,9110088.jpg,G5
Ear width,9110089,42.61,42.455,9110089.jpg,G5
Ear width,9110090,50.67,52.165,9110090.jpg,G3
Ear width,9110091,52.505,53.29,9110091.jpg,G5
Ear width,9110092,44.84,43.45,9110092.jpg,G4
Ear width,9110093,44.305,46.065,9110093.jpg,G6
Ear width,9110095,38.315,38.965,9110095.jpg,G3
Ear width,9110096,44.36,44.82,9110096.jpg,G6
Ear width,9110097,49,48.55,9110097.jpg,G6
Ear width,9110098,37.04,37.475,9110098.jpg,G6
Ear width,9110099,43,42.58,9110099.jpg,G5
Ear width,9110100,44.1,42.205,9110100.jpg,G3
Normal kernel number,2010001,624,672,2010001.jpg,G4
Normal kernel number,2010002,305,272.5,2010002.jpg,NA
Normal kernel number,2010003,734,766.5,2010003.jpg,G4
Normal kernel number,2010004,674,654,2010004.jpg,G3
Normal kernel number,2010005,419,399,2010005.jpg,G7
Normal kernel number,2010006,640,626.5,2010006.jpg,G4
Normal kernel number,2010007,420,470,2010007.jpg,G5
Normal kernel number,2010008,465,454,2010008.jpg,G3
Normal kernel number,2010009,717,763.5,2010009.jpg,G4
Normal kernel number,2010010,295,272.5,2010010.jpg,G3
Normal kernel number,2010011,502,521.5,2010011.jpg,G6
Normal kernel number,2010012,298,257.5,2010012.jpg,G3
Normal kernel number,2010013,383,378.5,2010013.jpg,G5
Normal kernel number,2010014,466,487.5,2010014.jpg,G3
Normal kernel number,2010015,506,514.5,2010015.jpg,G5
Normal kernel number,2010016,555,551,2010016.jpg,G7
Normal kernel number,2010017,553,487.5,2010017.jpg,G3
Normal kernel number,2010018,497,480.5,2010018.jpg,G6
Normal kernel number,2010019,738,753.5,2010019.jpg,G6
Normal kernel number,2010020,575,564.5,2010020.jpg,G4
Normal kernel number,2010021,686,703,2010021.jpg,G4
Normal kernel number,2010022,301,297.5,2010022.jpg,G4
Normal kernel number,2010023,578,632.5,2010023.jpg,G6
Normal kernel number,2010024,188,168,2010024.jpg,G5
Normal kernel number,2010025,584,614.5,2010025.jpg,G6
Normal kernel number,2010026,297,281,2010026.jpg,G3
Normal kernel number,2010027,570,544,2010027.jpg,G6
Normal kernel number,2010028,469,468.5,2010028.jpg,G3
Normal kernel number,2010029,586,605.5,2010029.jpg,G3
Normal kernel number,2010030,566,554,2010030.jpg,G3
Normal kernel number,2010031,320,307.5,2010031.jpg,G1
Normal kernel number,2010032,589,633.5,2010032.jpg,G4
Normal kernel number,2010033,566,601,2010033.jpg,G6
Normal kernel number,2010034,630,516,2010034.jpg,G6
Normal kernel number,2010035,424,400.5,2010035.jpg,G3
Normal kernel number,2010036,356,346.5,2010036.jpg,G5
Normal kernel number,2010037,546,551,2010037.jpg,G4
Normal kernel number,2010038,447,437.5,2010038.jpg,G5
Normal kernel number,2010039,161,175,2010039.jpg,G5
Normal kernel number,2010040,491,479,2010040.jpg,G2
Normal kernel number,2010041,570,597,2010041.jpg,G5
Normal kernel number,2010042,505,508.5,2010042.jpg,G1
Normal kernel number,2010043,546,518.5,2010043.jpg,G6
Normal kernel number,2010044,611,592.5,2010044.jpg,G4
Normal kernel number,2010045,617,573.5,2010045.jpg,G6
Normal kernel number,2010046,660,660,2010046.jpg,G1
Normal kernel number,2010047,762,737,2010047.jpg,G6
Normal kernel number,2010048,654,638.5,2010048.jpg,G4
Normal kernel number,2010049,519,517,2010049.jpg,G6
Normal kernel number,2010050,418,460,2010050.jpg,G5
Normal kernel number,2010051,505,536.5,2010051.jpg,G4
Normal kernel number,2010052,690,682.5,2010052.jpg,G3
Normal kernel number,2010053,460,508.5,2010053.jpg,G2
Normal kernel number,2010054,350,348,2010054.jpg,G6
Normal kernel number,2010055,633,666.5,2010055.jpg,G6
Normal kernel number,2010056,547,552.5,2010056.jpg,G4
Normal kernel number,2010057,228,251.5,2010057.jpg,G5
Normal kernel number,2010058,217,201.5,2010058.jpg,G2
Normal kernel number,2010059,330,339,2010059.jpg,G6
Normal kernel number,2010060,544,561.5,2010060.jpg,G6
Normal kernel number,2010061,320,296,2010061.jpg,G3
Normal kernel number,2010062,470,459.5,2010062.jpg,G6
Normal kernel number,2010063,505,541,2010063.jpg,G6
Normal kernel number,2010064,565,594,2010064.jpg,G6
Normal kernel number,2010065,636,545.5,2010065.jpg,G3
Normal kernel number,2010066,470,466,2010066.jpg,G4
Normal kernel number,2010067,563,533.5,2010067.jpg,G4
Normal kernel number,2010068,377,345,2010068.jpg,G3
Normal kernel number,2010069,344,390.5,2010069.jpg,G3
Normal kernel number,2010070,189,203,2010070.jpg,G2
Normal kernel number,2010071,286,235.5,2010071.jpg,G3
Normal kernel number,2010072,276,257.5,2010072.jpg,G3
Normal kernel number,2010073,555,578,2010073.jpg,G6
Normal kernel number,2010074,388,382,2010074.jpg,G6
Normal kernel number,2010075,295,287,2010075.jpg,G5
Normal kernel number,2010076,235,238.5,2010076.jpg,G5
Normal kernel number,2010077,315,295,2010077.jpg,G3
Normal kernel number,2010078,326,336,2010078.jpg,G5
Normal kernel number,2010079,366,337,2010079.jpg,G5
Normal kernel number,2010080,292,303.5,2010080.jpg,G5
Normal kernel number,2010081,147,147,2010081.jpg,G3
Normal kernel number,2010082,292,294.5,2010082.jpg,G3
Normal kernel number,2010083,295,287,2010083.jpg,G2
Normal kernel number,2010084,456,443.5,2010084.jpg,G5
Normal kernel number,2010085,422,312,2010085.jpg,G6
Normal kernel number,2010086,533,561.5,2010086.jpg,G6
Normal kernel number,2010087,326,327,2010087.jpg,G5
Normal kernel number,2010088,311,358,2010088.jpg,G2
Normal kernel number,2010089,324,334.5,2010089.jpg,G3
Normal kernel number,2010090,356,327,2010090.jpg,G6
Normal kernel number,2010091,473,493.5,2010091.jpg,G6
Normal kernel number,2010092,482,454,2010092.jpg,G4
Normal kernel number,2010093,711,682.5,2010093.jpg,G4
Normal kernel number,2010094,533,532,2010094.jpg,G5
Normal kernel number,2010095,523,504,2010095.jpg,G4
Normal kernel number,2010096,529,557,2010096.jpg,G6
Normal kernel number,2010097,460,464,2010097.jpg,G6
Normal kernel number,2010098,535,497,2010098.jpg,G6
Normal kernel number,2010099,574,570.5,2010099.jpg,G4
Normal kernel number,2010100,539,542.5,2010100.jpg,G6
Normal kernel number,9110001,594,651.5,9110001.jpg,G6
Normal kernel number,9110002,542,579.5,9110002.jpg,G4
Normal kernel number,9110003,505,529,9110003.jpg,G4
Normal kernel number,9110004,523,502.5,9110004.jpg,G6
Normal kernel number,9110005,539,496.5,9110005.jpg,G5
Normal kernel number,9110006,712,718,9110006.jpg,G3
Normal kernel number,9110007,608,630.5,9110007.jpg,G6
Normal kernel number,9110008,672,724,9110008.jpg,G6
Normal kernel number,9110009,620,685.5,9110009.jpg,G6
Normal kernel number,9110010,347,300,9110010.jpg,G3
Normal kernel number,9110011,447,454,9110011.jpg,G4
Normal kernel number,9110012,452,470,9110012.jpg,G6
Normal kernel number,9110013,514,592.5,9110013.jpg,G3
Normal kernel number,9110014,329,250,9110014.jpg,G3
Normal kernel number,9110015,364,311,9110015.jpg,G1
Normal kernel number,9110016,768,750.5,9110016.jpg,G6
Normal kernel number,9110017,302,227,9110017.jpg,G3
Normal kernel number,9110018,628,661.5,9110018.jpg,G6
Normal kernel number,9110019,588,588,9110019.jpg,G4
Normal kernel number,9110020,740,669,9110020.jpg,G2
Normal kernel number,9110021,504,492.5,9110021.jpg,G3
Normal kernel number,9110022,303,294.5,9110022.jpg,G4
Normal kernel number,9110023,275,269.5,9110023.jpg,G5
Normal kernel number,9110024,390,424,9110024.jpg,G6
Normal kernel number,9110025,669,663,9110025.jpg,G3
Normal kernel number,9110026,388,390,9110026.jpg,G6
Normal kernel number,9110027,569,598.5,9110027.jpg,G2
Normal kernel number,9110028,485,470,9110028.jpg,G2
Normal kernel number,9110029,656,694,9110029.jpg,G6
Normal kernel number,9110030,623,545.5,9110030.jpg,G4
Normal kernel number,9110031,520,461,9110031.jpg,G6
Normal kernel number,9110032,204,194.5,9110032.jpg,G4
Normal kernel number,9110033,244,216,9110033.jpg,G2
Normal kernel number,9110034,517,502.5,9110034.jpg,G6
Normal kernel number,9110035,386,378.5,9110035.jpg,G6
Normal kernel number,9110036,238,181,9110036.jpg,G3
Normal kernel number,9110037,490,486,9110037.jpg,G6
Normal kernel number,9110039,571,557,9110039.jpg,G1
Normal kernel number,9110040,460,466,9110040.jpg,G6
Normal kernel number,9110041,466,442.5,9110041.jpg,G6
Normal kernel number,9110042,424,414,9110042.jpg,G3
Normal kernel number,9110043,461,445,9110043.jpg,G6
Normal kernel number,9110044,512,473,9110044.jpg,G6
Normal kernel number,9110045,442,377,9110045.jpg,G6
Normal kernel number,9110046,525,483.5,9110046.jpg,G4
Normal kernel number,9110047,534,507,9110047.jpg,G6
Normal kernel number,9110048,341,309,9110048.jpg,G3
Normal kernel number,9110049,463,346,9110049.jpg,G2
Normal kernel number,9110050,251,197,9110050.jpg,G3
Normal kernel number,9110051,594,547,9110051.jpg,G7
Normal kernel number,9110052,284,307.5,9110052.jpg,G3
Normal kernel number,9110053,394,415.5,9110053.jpg,G5
Normal kernel number,9110054,324,358,9110054.jpg,G3
Normal kernel number,9110055,155,156,9110055.jpg,G3
Normal kernel number,9110056,344,355,9110056.jpg,G3
Normal kernel number,9110057,288,234,9110057.jpg,G1
Normal kernel number,9110058,599,622,9110058.jpg,G6
Normal kernel number,9110060,339,336,9110060.jpg,G3
Normal kernel number,9110061,579,580.5,9110061.jpg,G2
Normal kernel number,9110062,278,274,9110062.jpg,G7
Normal kernel number,9110063,393,356.5,9110063.jpg,G6
Normal kernel number,9110064,275,229.5,9110064.jpg,G7
Normal kernel number,9110065,468,452.5,9110065.jpg,G2
Normal kernel number,9110066,506,499.5,9110066.jpg,G3
Normal kernel number,9110067,612,605.5,9110067.jpg,G6
Normal kernel number,9110068,655,610.5,9110068.jpg,G6
Normal kernel number,9110069,538,433.5,9110069.jpg,G5
Normal kernel number,9110070,424,399.5,9110070.jpg,G2
Normal kernel number,9110071,411,384.5,9110071.jpg,G6
Normal kernel number,9110072,575,523,9110072.jpg,G5
Normal kernel number,9110073,600,653,9110073.jpg,G4
Normal kernel number,9110074,540,560,9110074.jpg,G6
Normal kernel number,9110075,482,517,9110075.jpg,G2
Normal kernel number,9110076,488,462.5,9110076.jpg,G2
Normal kernel number,9110077,280,277,9110077.jpg,G3
Normal kernel number,9110078,648,650,9110078.jpg,G6
Normal kernel number,9110079,278,285.5,9110079.jpg,G2
Normal kernel number,9110080,585,584,9110080.jpg,G4
Normal kernel number,9110081,528,563,9110081.jpg,G6
Normal kernel number,9110082,236,258,9110082.jpg,G5
Normal kernel number,9110083,263,256.5,9110083.jpg,G5
Normal kernel number,9110084,489,443.5,9110084.jpg,G3
Normal kernel number,9110085,608,608.5,9110085.jpg,G6
Normal kernel number,9110086,318,306.5,9110086.jpg,G3
Normal kernel number,9110087,470,456.5,9110087.jpg,G2
Normal kernel number,9110088,580,519,9110088.jpg,G5
Normal kernel number,9110089,432,408,9110089.jpg,G5
Normal kernel number,9110090,721,690,9110090.jpg,G3
Normal kernel number,9110091,712,717.5,9110091.jpg,G5
Normal kernel number,9110092,360,325.5,9110092.jpg,G4
Normal kernel number,9110093,470,454,9110093.jpg,G6
Normal kernel number,9110095,311,325.5,9110095.jpg,G3
Normal kernel number,9110096,464,455.5,9110096.jpg,G6
Normal kernel number,9110097,499,502.5,9110097.jpg,G6
Normal kernel number,9110098,295,247.5,9110098.jpg,G6
Normal kernel number,9110099,364,352,9110099.jpg,G5
Normal kernel number,9110100,304,301.5,9110100.jpg,G3
Number of kernels per row,2010001,34.66666667,39,2010001.jpg,G4
Number of kernels per row,2010002,NA,14,2010002.jpg,NA
Number of kernels per row,2010003,40.77777778,42,2010003.jpg,G4
Number of kernels per row,2010004,33.7,34,2010004.jpg,G3
Number of kernels per row,2010005,20.95,22,2010005.jpg,G7
Number of kernels per row,2010006,35.55555556,35,2010006.jpg,G4
Number of kernels per row,2010007,30,32,2010007.jpg,G5
Number of kernels per row,2010008,38.75,34,2010008.jpg,G3
Number of kernels per row,2010009,39.83333333,42,2010009.jpg,G4
Number of kernels per row,2010010,37.125,39,2010010.jpg,G3
Number of kernels per row,2010011,30.11111111,32,2010011.jpg,G6
Number of kernels per row,2010012,36.07142857,37,2010012.jpg,G3
Number of kernels per row,2010013,32.6875,29,2010013.jpg,G5
Number of kernels per row,2010014,33.6875,30,2010014.jpg,G3
Number of kernels per row,2010015,35.6,36,2010015.jpg,G5
Number of kernels per row,2010016,38,38,2010016.jpg,G7
Number of kernels per row,2010017,42,45,2010017.jpg,G3
Number of kernels per row,2010018,38.75,43,2010018.jpg,G6
Number of kernels per row,2010019,21.07142857,13,2010019.jpg,G6
Number of kernels per row,2010020,27.88888889,29,2010020.jpg,G4
Number of kernels per row,2010021,21.28571429,17,2010021.jpg,G4
Number of kernels per row,2010022,21.27777778,22,2010022.jpg,G4
Number of kernels per row,2010023,38.83333333,39,2010023.jpg,G6
Number of kernels per row,2010024,28.11111111,30,2010024.jpg,G5
Number of kernels per row,2010025,30.83333333,30,2010025.jpg,G6
Number of kernels per row,2010026,39.5,36,2010026.jpg,G3
Number of kernels per row,2010027,31.0625,29,2010027.jpg,G6
Number of kernels per row,2010028,36.9,38,2010028.jpg,G3
Number of kernels per row,2010029,31.94444444,32,2010029.jpg,G3
Number of kernels per row,2010030,38.11111111,41,2010030.jpg,G3
Number of kernels per row,2010031,21.5,21,2010031.jpg,G1
Number of kernels per row,2010032,36.125,40,2010032.jpg,G4
Number of kernels per row,2010033,13.42857143,11,2010033.jpg,G6
Number of kernels per row,2010034,36.5,37,2010034.jpg,G6
Number of kernels per row,2010035,21.21428571,22,2010035.jpg,G3
Number of kernels per row,2010036,35.625,33,2010036.jpg,G5
Number of kernels per row,2010037,33.5,33,2010037.jpg,G4
Number of kernels per row,2010038,36.625,37,2010038.jpg,G5
Number of kernels per row,2010039,35.375,34,2010039.jpg,G5
Number of kernels per row,2010040,20,20,2010040.jpg,G2
Number of kernels per row,2010041,42.07142857,42,2010041.jpg,G5
Number of kernels per row,2010042,31.44444444,31,2010042.jpg,G1
Number of kernels per row,2010043,35,29,2010043.jpg,G6
Number of kernels per row,2010044,30.28571429,27,2010044.jpg,G4
Number of kernels per row,2010045,25.42857143,22,2010045.jpg,G6
Number of kernels per row,2010046,39,41,2010046.jpg,G1
Number of kernels per row,2010047,27.9375,27,2010047.jpg,G6
Number of kernels per row,2010048,13.41666667,13,2010048.jpg,G4
Number of kernels per row,2010049,27.27777778,27,2010049.jpg,G6
Number of kernels per row,2010050,31.66666667,34,2010050.jpg,G5
Number of kernels per row,2010051,36.07142857,35,2010051.jpg,G4
Number of kernels per row,2010052,34.125,31,2010052.jpg,G3
Number of kernels per row,2010053,43.64285714,40,2010053.jpg,G2
Number of kernels per row,2010054,38.5625,35,2010054.jpg,G6
Number of kernels per row,2010055,36.66666667,37,2010055.jpg,G6
Number of kernels per row,2010056,38.1,38,2010056.jpg,G4
Number of kernels per row,2010057,36.33333333,36,2010057.jpg,G5
Number of kernels per row,2010058,37.07142857,35,2010058.jpg,G2
Number of kernels per row,2010059,34.83333333,37,2010059.jpg,G6
Number of kernels per row,2010060,36.07142857,38,2010060.jpg,G6
Number of kernels per row,2010061,43.125,42,2010061.jpg,G3
Number of kernels per row,2010062,28.75,32,2010062.jpg,G6
Number of kernels per row,2010063,29.16666667,27,2010063.jpg,G6
Number of kernels per row,2010064,35.16666667,37,2010064.jpg,G6
Number of kernels per row,2010065,39.07142857,40,2010065.jpg,G3
Number of kernels per row,2010066,19,18,2010066.jpg,G4
Number of kernels per row,2010067,12.05555556,13,2010067.jpg,G4
Number of kernels per row,2010068,23.57142857,23,2010068.jpg,G3
Number of kernels per row,2010069,34,32,2010069.jpg,G3
Number of kernels per row,2010070,20,15,2010070.jpg,G2
Number of kernels per row,2010071,39.16666667,36,2010071.jpg,G3
Number of kernels per row,2010072,28.05555556,30,2010072.jpg,G3
Number of kernels per row,2010073,35.3125,36,2010073.jpg,G6
Number of kernels per row,2010074,28.90909091,26,2010074.jpg,G6
Number of kernels per row,2010075,33.57142857,32,2010075.jpg,G5
Number of kernels per row,2010076,31.27777778,32,2010076.jpg,G5
Number of kernels per row,2010077,31.41666667,25,2010077.jpg,G3
Number of kernels per row,2010078,NA,21,2010078.jpg,G5
Number of kernels per row,2010079,18.9,14,2010079.jpg,G5
Number of kernels per row,2010080,20.42857143,22,2010080.jpg,G5
Number of kernels per row,2010081,23,21,2010081.jpg,G3
Number of kernels per row,2010082,34.6875,37,2010082.jpg,G3
Number of kernels per row,2010083,27.71428571,27,2010083.jpg,G2
Number of kernels per row,2010084,21.07142857,20,2010084.jpg,G5
Number of kernels per row,2010085,14.6875,14,2010085.jpg,G6
Number of kernels per row,2010086,26.25,21,2010086.jpg,G6
Number of kernels per row,2010087,NA,22,2010087.jpg,G5
Number of kernels per row,2010088,22.875,22,2010088.jpg,G2
Number of kernels per row,2010089,18.25,17,2010089.jpg,G3
Number of kernels per row,2010090,NA,12,2010090.jpg,G6
Number of kernels per row,2010091,16.22222222,17,2010091.jpg,G6
Number of kernels per row,2010092,18.4375,19,2010092.jpg,G4
Number of kernels per row,2010093,28.5,27,2010093.jpg,G4
Number of kernels per row,2010094,26.375,18,2010094.jpg,G5
Number of kernels per row,2010095,33.3125,34,2010095.jpg,G4
Number of kernels per row,2010096,16.3,18,2010096.jpg,G6
Number of kernels per row,2010097,17.27777778,23,2010097.jpg,G6
Number of kernels per row,2010098,NA,21,2010098.jpg,G6
Number of kernels per row,2010099,29.66666667,24,2010099.jpg,G4
Number of kernels per row,2010100,29.5625,33,2010100.jpg,G6
Number of kernels per row,9110001,34.42857143,31,9110001.jpg,G6
Number of kernels per row,9110002,39.5,38,9110002.jpg,G4
Number of kernels per row,9110003,33.3125,34,9110003.jpg,G4
Number of kernels per row,9110004,37.35714286,35,9110004.jpg,G6
Number of kernels per row,9110005,33.0625,35,9110005.jpg,G5
Number of kernels per row,9110006,32.85714286,32,9110006.jpg,G3
Number of kernels per row,9110007,33.4375,31,9110007.jpg,G6
Number of kernels per row,9110008,41,38,9110008.jpg,G6
Number of kernels per row,9110009,28.91666667,22,9110009.jpg,G6
Number of kernels per row,9110010,31.92857143,32,9110010.jpg,G3
Number of kernels per row,9110011,28.25,29,9110011.jpg,G4
Number of kernels per row,9110012,25.7,28,9110012.jpg,G6
Number of kernels per row,9110013,23.5,16,9110013.jpg,G3
Number of kernels per row,9110014,30.33333333,24,9110014.jpg,G3
Number of kernels per row,9110015,38.4,40,9110015.jpg,G1
Number of kernels per row,9110016,18.875,15,9110016.jpg,G6
Number of kernels per row,9110017,39.25,40,9110017.jpg,G3
Number of kernels per row,9110018,42,37,9110018.jpg,G6
Number of kernels per row,9110019,41.11111111,37,9110019.jpg,G4
Number of kernels per row,9110020,28,27,9110020.jpg,G2
Number of kernels per row,9110021,21.64285714,17,9110021.jpg,G3
Number of kernels per row,9110022,22.91666667,20,9110022.jpg,G4
Number of kernels per row,9110023,24.375,24,9110023.jpg,G5
Number of kernels per row,9110024,41.8125,42,9110024.jpg,G6
Number of kernels per row,9110025,24.25,22,9110025.jpg,G3
Number of kernels per row,9110026,35.5625,38,9110026.jpg,G6
Number of kernels per row,9110027,34.64285714,33,9110027.jpg,G2
Number of kernels per row,9110028,32.8,33,9110028.jpg,G2
Number of kernels per row,9110029,31.15,29,9110029.jpg,G6
Number of kernels per row,9110030,32.5,28,9110030.jpg,G4
Number of kernels per row,9110031,20.4,16,9110031.jpg,G6
Number of kernels per row,9110032,20.33333333,16,9110032.jpg,G4
Number of kernels per row,9110033,32.3125,28,9110033.jpg,G2
Number of kernels per row,9110034,27.57142857,27,9110034.jpg,G6
Number of kernels per row,9110035,17,13,9110035.jpg,G6
Number of kernels per row,9110036,40.83333333,37,9110036.jpg,G3
Number of kernels per row,9110037,NA,21,9110037.jpg,G6
Number of kernels per row,9110039,35.6875,36,9110039.jpg,G1
Number of kernels per row,9110040,32.85714286,34,9110040.jpg,G6
Number of kernels per row,9110041,38.83333333,35,9110041.jpg,G6
Number of kernels per row,9110042,26.5,24,9110042.jpg,G3
Number of kernels per row,9110043,38.41666667,34,9110043.jpg,G6
Number of kernels per row,9110044,42.66666667,37,9110044.jpg,G6
Number of kernels per row,9110045,31.57142857,25,9110045.jpg,G6
Number of kernels per row,9110046,37.5,34,9110046.jpg,G4
Number of kernels per row,9110047,38.14285714,36,9110047.jpg,G6
Number of kernels per row,9110048,24.35714286,20,9110048.jpg,G3
Number of kernels per row,9110049,38.58333333,18,9110049.jpg,G2
Number of kernels per row,9110050,17.92857143,14,9110050.jpg,G3
Number of kernels per row,9110051,29.7,27,9110051.jpg,G7
Number of kernels per row,9110052,23.66666667,23,9110052.jpg,G3
Number of kernels per row,9110053,24.625,25,9110053.jpg,G5
Number of kernels per row,9110054,23.14285714,22,9110054.jpg,G3
Number of kernels per row,9110055,7.75,14,9110055.jpg,G3
Number of kernels per row,9110056,21.5,20,9110056.jpg,G3
Number of kernels per row,9110057,24,17,9110057.jpg,G1
Number of kernels per row,9110058,37.4375,37,9110058.jpg,G6
Number of kernels per row,9110060,24.21428571,25,9110060.jpg,G3
Number of kernels per row,9110061,41.35714286,39,9110061.jpg,G2
Number of kernels per row,9110062,19.85714286,19,9110062.jpg,G7
Number of kernels per row,9110063,24.5625,24,9110063.jpg,G6
Number of kernels per row,9110064,19.64285714,17,9110064.jpg,G7
Number of kernels per row,9110065,29.25,25,9110065.jpg,G2
Number of kernels per row,9110066,NA,31,9110066.jpg,G3
Number of kernels per row,9110067,38.25,39,9110067.jpg,G6
Number of kernels per row,9110068,40.9375,38,9110068.jpg,G6
Number of kernels per row,9110069,33.625,25,9110069.jpg,G5
Number of kernels per row,9110070,23.55555556,23,9110070.jpg,G2
Number of kernels per row,9110071,29.35714286,26,9110071.jpg,G6
Number of kernels per row,9110072,35.9375,33,9110072.jpg,G5
Number of kernels per row,9110073,42.85714286,47,9110073.jpg,G4
Number of kernels per row,9110074,38.57142857,40,9110074.jpg,G6
Number of kernels per row,9110075,30.125,31,9110075.jpg,G2
Number of kernels per row,9110076,34.85714286,31,9110076.jpg,G2
Number of kernels per row,9110077,NA,17,9110077.jpg,G3
Number of kernels per row,9110078,20.11111111,37,9110078.jpg,G6
Number of kernels per row,9110079,NA,18,9110079.jpg,G2
Number of kernels per row,9110080,41.78571429,37,9110080.jpg,G4
Number of kernels per row,9110081,33,33,9110081.jpg,G6
Number of kernels per row,9110082,16.85714286,18,9110082.jpg,G5
Number of kernels per row,9110083,14.61111111,15,9110083.jpg,G5
Number of kernels per row,9110084,24.45,24,9110084.jpg,G3
Number of kernels per row,9110085,38,38,9110085.jpg,G6
Number of kernels per row,9110086,NA,15,9110086.jpg,G3
Number of kernels per row,9110087,33.57142857,29,9110087.jpg,G2
Number of kernels per row,9110088,41.42857143,35,9110088.jpg,G5
Number of kernels per row,9110089,30.85714286,28,9110089.jpg,G5
Number of kernels per row,9110090,40.05555556,37,9110090.jpg,G3
Number of kernels per row,9110091,35.6,37,9110091.jpg,G5
Number of kernels per row,9110092,25.71428571,21,9110092.jpg,G4
Number of kernels per row,9110093,33.57142857,30,9110093.jpg,G6
Number of kernels per row,9110095,NA,20,9110095.jpg,G3
Number of kernels per row,9110096,19.4375,19,9110096.jpg,G6
Number of kernels per row,9110097,25.77777778,26,9110097.jpg,G6
Number of kernels per row,9110098,35.64285714,34,9110098.jpg,G6
Number of kernels per row,9110099,29.5,21,9110099.jpg,G5
Number of kernels per row,9110100,18.2,19,9110100.jpg,G3
Number of kernels per row,20100,33.6875,36,20100.jpg,NA
Number of kernels per row,91100,21.71428571,21,91100.jpg,NA
Number of rows per ear,2010001,18,16,2010001.jpg,G4
Number of rows per ear,2010003,18,18,2010003.jpg,G4
Number of rows per ear,2010004,20,18,2010004.jpg,G3
Number of rows per ear,2010005,20,18,2010005.jpg,G7
Number of rows per ear,2010006,18,18,2010006.jpg,G4
Number of rows per ear,2010007,14,14,2010007.jpg,G5
Number of rows per ear,2010009,18,18,2010009.jpg,G4
Number of rows per ear,2010011,18,18,2010011.jpg,G6
Number of rows per ear,2010012,14,14,2010012.jpg,G3
Number of rows per ear,2010013,18,16,2010013.jpg,G5
Number of rows per ear,2010014,12,12,2010014.jpg,G3
Number of rows per ear,2010015,18,16,2010015.jpg,G5
Number of rows per ear,2010016,18,18,2010016.jpg,G7
Number of rows per ear,2010018,16,16,2010018.jpg,G6
Number of rows per ear,2010019,20,20,2010019.jpg,G6
Number of rows per ear,2010020,18,18,2010020.jpg,G4
Number of rows per ear,2010021,18,18,2010021.jpg,G4
Number of rows per ear,2010023,16,16,2010023.jpg,G6
Number of rows per ear,2010025,16,16,2010025.jpg,G6
Number of rows per ear,2010027,16,16,2010027.jpg,G6
Number of rows per ear,2010028,14,14,2010028.jpg,G3
Number of rows per ear,2010029,16,16,2010029.jpg,G3
Number of rows per ear,2010030,16,16,2010030.jpg,G3
Number of rows per ear,2010032,14,14,2010032.jpg,G4
Number of rows per ear,2010033,18,18,2010033.jpg,G6
Number of rows per ear,2010034,18,18,2010034.jpg,G6
Number of rows per ear,2010036,14,16,2010036.jpg,G5
Number of rows per ear,2010037,14,14,2010037.jpg,G4
Number of rows per ear,2010038,16,16,2010038.jpg,G5
Number of rows per ear,2010039,12,12,2010039.jpg,G5
Number of rows per ear,2010040,18,18,2010040.jpg,G2
Number of rows per ear,2010041,18,18,2010041.jpg,G5
Number of rows per ear,2010042,14,14,2010042.jpg,G1
Number of rows per ear,2010043,16,16,2010043.jpg,G6
Number of rows per ear,2010045,16,16,2010045.jpg,G6
Number of rows per ear,2010046,18,18,2010046.jpg,G1
Number of rows per ear,2010047,20,20,2010047.jpg,G6
Number of rows per ear,2010048,18,18,2010048.jpg,G4
Number of rows per ear,2010049,14,14,2010049.jpg,G6
Number of rows per ear,2010050,12,12,2010050.jpg,G5
Number of rows per ear,2010051,14,14,2010051.jpg,G4
Number of rows per ear,2010052,16,16,2010052.jpg,G3
Number of rows per ear,2010053,16,16,2010053.jpg,G2
Number of rows per ear,2010054,12,12,2010054.jpg,G6
Number of rows per ear,2010055,18,18,2010055.jpg,G6
Number of rows per ear,2010056,14,14,2010056.jpg,G4
Number of rows per ear,2010057,12,14,2010057.jpg,G5
Number of rows per ear,2010059,14,14,2010059.jpg,G6
Number of rows per ear,2010060,16,16,2010060.jpg,G6
Number of rows per ear,2010062,12,12,2010062.jpg,G6
Number of rows per ear,2010063,18,18,2010063.jpg,G6
Number of rows per ear,2010064,16,16,2010064.jpg,G6
Number of rows per ear,2010065,22,20,2010065.jpg,G3
Number of rows per ear,2010066,14,14,2010066.jpg,G4
Number of rows per ear,2010067,18,16,2010067.jpg,G4
Number of rows per ear,2010073,16,16,2010073.jpg,G6
Number of rows per ear,2010074,14,14,2010074.jpg,G6
Number of rows per ear,2010075,14,14,2010075.jpg,G5
Number of rows per ear,2010076,16,16,2010076.jpg,G5
Number of rows per ear,2010079,16,16,2010079.jpg,G5
Number of rows per ear,2010080,16,16,2010080.jpg,G5
Number of rows per ear,2010084,16,16,2010084.jpg,G5
Number of rows per ear,2010085,16,18,2010085.jpg,G6
Number of rows per ear,2010086,16,16,2010086.jpg,G6
Number of rows per ear,2010090,12,14,2010090.jpg,G6
Number of rows per ear,2010091,16,14,2010091.jpg,G6
Number of rows per ear,2010092,14,14,2010092.jpg,G4
Number of rows per ear,2010093,18,18,2010093.jpg,G4
Number of rows per ear,2010094,16,16,2010094.jpg,G5
Number of rows per ear,2010095,14,14,2010095.jpg,G4
Number of rows per ear,2010096,16,16,2010096.jpg,G6
Number of rows per ear,2010097,14,14,2010097.jpg,G6
Number of rows per ear,2010098,16,16,2010098.jpg,G6
Number of rows per ear,2010099,14,14,2010099.jpg,G4
Number of rows per ear,2010100,16,14,2010100.jpg,G6
Number of rows per ear,9110001,16,16,9110001.jpg,G6
Number of rows per ear,9110002,18,18,9110002.jpg,G4
Number of rows per ear,9110003,14,14,9110003.jpg,G4
Number of rows per ear,9110004,16,16,9110004.jpg,G6
Number of rows per ear,9110005,16,16,9110005.jpg,G5
Number of rows per ear,9110006,20,20,9110006.jpg,G3
Number of rows per ear,9110007,16,16,9110007.jpg,G6
Number of rows per ear,9110008,16,16,9110008.jpg,G6
Number of rows per ear,9110009,16,16,9110009.jpg,G6
Number of rows per ear,9110010,12,14,9110010.jpg,G3
Number of rows per ear,9110011,14,14,9110011.jpg,G4
Number of rows per ear,9110012,16,16,9110012.jpg,G6
Number of rows per ear,9110015,12,12,9110015.jpg,G1
Number of rows per ear,9110016,20,18,9110016.jpg,G6
Number of rows per ear,9110018,16,16,9110018.jpg,G6
Number of rows per ear,9110019,14,16,9110019.jpg,G4
Number of rows per ear,9110020,18,18,9110020.jpg,G2
Number of rows per ear,9110023,12,12,9110023.jpg,G5
Number of rows per ear,9110024,16,18,9110024.jpg,G6
Number of rows per ear,9110025,16,16,9110025.jpg,G3
Number of rows per ear,9110026,16,18,9110026.jpg,G6
Number of rows per ear,9110027,16,16,9110027.jpg,G2
Number of rows per ear,9110028,14,14,9110028.jpg,G2
Number of rows per ear,9110029,20,20,9110029.jpg,G6
Number of rows per ear,9110031,16,16,9110031.jpg,G6
Number of rows per ear,9110032,10,12,9110032.jpg,G4
Number of rows per ear,9110033,12,14,9110033.jpg,G2
Number of rows per ear,9110034,16,18,9110034.jpg,G6
Number of rows per ear,9110035,14,14,9110035.jpg,G6
Number of rows per ear,9110036,14,14,9110036.jpg,G3
Number of rows per ear,9110037,12,12,9110037.jpg,G6
Number of rows per ear,9110039,16,16,9110039.jpg,G1
Number of rows per ear,9110040,14,14,9110040.jpg,G6
Number of rows per ear,9110041,12,12,9110041.jpg,G6
Number of rows per ear,9110042,16,16,9110042.jpg,G3
Number of rows per ear,9110044,12,12,9110044.jpg,G6
Number of rows per ear,9110045,14,14,9110045.jpg,G6
Number of rows per ear,9110046,14,14,9110046.jpg,G4
Number of rows per ear,9110047,14,14,9110047.jpg,G6
Number of rows per ear,9110050,14,14,9110050.jpg,G3
Number of rows per ear,9110051,20,20,9110051.jpg,G7
Number of rows per ear,9110052,12,14,9110052.jpg,G3
Number of rows per ear,9110053,16,16,9110053.jpg,G5
Number of rows per ear,9110056,16,16,9110056.jpg,G3
Number of rows per ear,9110057,12,14,9110057.jpg,G1
Number of rows per ear,9110058,16,16,9110058.jpg,G6
Number of rows per ear,9110060,14,14,9110060.jpg,G3
Number of rows per ear,9110061,14,14,9110061.jpg,G2
Number of rows per ear,9110062,14,14,9110062.jpg,G7
Number of rows per ear,9110063,16,14,9110063.jpg,G6
Number of rows per ear,9110064,14,14,9110064.jpg,G7
Number of rows per ear,9110065,16,18,9110065.jpg,G2
Number of rows per ear,9110067,16,16,9110067.jpg,G6
Number of rows per ear,9110068,16,16,9110068.jpg,G6
Number of rows per ear,9110069,16,16,9110069.jpg,G5
Number of rows per ear,9110070,18,18,9110070.jpg,G2
Number of rows per ear,9110071,14,14,9110071.jpg,G6
Number of rows per ear,9110072,16,16,9110072.jpg,G5
Number of rows per ear,9110073,14,14,9110073.jpg,G4
Number of rows per ear,9110074,14,14,9110074.jpg,G6
Number of rows per ear,9110075,16,16,9110075.jpg,G2
Number of rows per ear,9110076,14,14,9110076.jpg,G2
Number of rows per ear,9110078,18,18,9110078.jpg,G6
Number of rows per ear,9110080,14,16,9110080.jpg,G4
Number of rows per ear,9110081,16,16,9110081.jpg,G6
Number of rows per ear,9110082,14,14,9110082.jpg,G5
Number of rows per ear,9110085,16,16,9110085.jpg,G6
Number of rows per ear,9110087,14,16,9110087.jpg,G2
Number of rows per ear,9110088,14,14,9110088.jpg,G5
Number of rows per ear,9110089,14,14,9110089.jpg,G5
Number of rows per ear,9110090,18,18,9110090.jpg,G3
Number of rows per ear,9110091,20,20,9110091.jpg,G5
Number of rows per ear,9110092,14,14,9110092.jpg,G4
Number of rows per ear,9110093,14,14,9110093.jpg,G6
Number of rows per ear,9110095,16,16,9110095.jpg,G3
Number of rows per ear,9110096,18,18,9110096.jpg,G6
Number of rows per ear,9110097,14,14,9110097.jpg,G6
Number of rows per ear,9110098,10,12,9110098.jpg,G6
Number of rows per ear,9110099,20,18,9110099.jpg,G5
Number of rows per ear,9110100,14,14,9110100.jpg,G3
